﻿Region,Country,State,City,Postal Code
Central,United States,Illinois,Arlington Heights,60004
Central,United States,Illinois,Aurora,60505
Central,United States,Illinois,Bloomington,61701
Central,United States,Illinois,Bolingbrook,60440
Central,United States,Illinois,Buffalo Grove,60089
Central,United States,Illinois,Carol Stream,60188
Central,United States,Illinois,Champaign,61821
Central,United States,Illinois,Chicago,60610
Central,United States,Illinois,Chicago,60623
Central,United States,Illinois,Chicago,60653
Central,United States,Illinois,Danville,61832
Central,United States,Illinois,Decatur,62521
Central,United States,Illinois,Des Plaines,60016
Central,United States,Illinois,Elmhurst,60126
Central,United States,Illinois,Evanston,60201
Central,United States,Illinois,Frankfort,60423
Central,United States,Illinois,Freeport,61032
Central,United States,Illinois,Glenview,60025
Central,United States,Illinois,Highland Park,60035
Central,United States,Illinois,Naperville,60540
Central,United States,Illinois,Normal,61761
Central,United States,Illinois,Oak Park,60302
Central,United States,Illinois,Orland Park,60462
Central,United States,Illinois,Oswego,60543
Central,United States,Illinois,Palatine,60067
Central,United States,Illinois,Park Ridge,60068
Central,United States,Illinois,Peoria,61604
Central,United States,Illinois,Quincy,62301
Central,United States,Illinois,Rockford,61107
Central,United States,Illinois,Romeoville,60441
Central,United States,Illinois,Saint Charles,60174
Central,United States,Illinois,Skokie,60076
Central,United States,Illinois,Tinley Park,60477
Central,United States,Illinois,Wheeling,60090
Central,United States,Illinois,Woodstock,60098
Central,United States,Indiana,Bloomington,47401
Central,United States,Indiana,Columbus,47201
Central,United States,Indiana,Elkhart,46514
Central,United States,Indiana,Greenwood,46142
Central,United States,Indiana,Indianapolis,46203
Central,United States,Indiana,La Porte,46350
Central,United States,Indiana,Lafayette,47905
Central,United States,Indiana,Lawrence,46226
Central,United States,Indiana,Mishawaka,46544
Central,United States,Indiana,New Albany,47150
Central,United States,Indiana,New Castle,47362
Central,United States,Indiana,Noblesville,46060
Central,United States,Indiana,Portage,46368
Central,United States,Indiana,Richmond,47374
Central,United States,Indiana,South Bend,46614
Central,United States,Iowa,Burlington,52601
Central,United States,Iowa,Cedar Rapids,52402
Central,United States,Iowa,Des Moines,50315
Central,United States,Iowa,Dubuque,52001
Central,United States,Iowa,Iowa City,52240
Central,United States,Iowa,Marion,52302
Central,United States,Iowa,Urbandale,50322
Central,United States,Iowa,Waterloo,50701
Central,United States,Kansas,Garden City,67846
Central,United States,Kansas,Manhattan,66502
Central,United States,Kansas,Olathe,66062
Central,United States,Kansas,Overland Park,66212
Central,United States,Kansas,Wichita,67212
Central,United States,Michigan,Ann Arbor,48104
Central,United States,Michigan,Canton,48187
Central,United States,Michigan,Dearborn,48126
Central,United States,Michigan,Dearborn Heights,48127
Central,United States,Michigan,Detroit,48205
Central,United States,Michigan,Detroit,48227
Central,United States,Michigan,Detroit,48234
Central,United States,Michigan,Grand Rapids,49505
Central,United States,Michigan,Holland,49423
Central,United States,Michigan,Jackson,49201
Central,United States,Michigan,Lansing,48911
Central,United States,Michigan,Lincoln Park,48146
Central,United States,Michigan,Midland,48640
Central,United States,Michigan,Mount Pleasant,48858
Central,United States,Michigan,Oak Park,48237
Central,United States,Michigan,Rochester Hills,48307
Central,United States,Michigan,Roseville,48066
Central,United States,Michigan,Royal Oak,48073
Central,United States,Michigan,Saginaw,48601
Central,United States,Michigan,Sterling Heights,48310
Central,United States,Michigan,Taylor,48180
Central,United States,Michigan,Trenton,48183
Central,United States,Michigan,Westland,48185
Central,United States,Minnesota,Apple Valley,55124
Central,United States,Minnesota,Coon Rapids,55433
Central,United States,Minnesota,Cottage Grove,55016
Central,United States,Minnesota,Eagan,55122
Central,United States,Minnesota,Lakeville,55044
Central,United States,Minnesota,Maple Grove,55369
Central,United States,Minnesota,Minneapolis,55407
Central,United States,Minnesota,Moorhead,56560
Central,United States,Minnesota,Rochester,55901
Central,United States,Minnesota,Roseville,55113
Central,United States,Minnesota,Saint Cloud,56301
Central,United States,Minnesota,Saint Paul,55106
Central,United States,Minnesota,Woodbury,55125
Central,United States,Missouri,Columbia,65203
Central,United States,Missouri,Gladstone,64118
Central,United States,Missouri,Independence,64055
Central,United States,Missouri,Jefferson City,65109
Central,United States,Missouri,Kirkwood,63122
Central,United States,Missouri,Saint Charles,63301
Central,United States,Missouri,Saint Louis,63116
Central,United States,Missouri,Saint Peters,63376
Central,United States,Missouri,Springfield,65807
Central,United States,Nebraska,Fremont,68025
Central,United States,Nebraska,Grand Island,68801
Central,United States,Nebraska,Norfolk,68701
Central,United States,Nebraska,Omaha,68104
Central,United States,North Dakota,Fargo,58103
Central,United States,Oklahoma,Broken Arrow,74012
Central,United States,Oklahoma,Edmond,73034
Central,United States,Oklahoma,Lawton,73505
Central,United States,Oklahoma,Muskogee,74403
Central,United States,Oklahoma,Norman,73071
Central,United States,Oklahoma,Oklahoma City,73120
Central,United States,Oklahoma,Tulsa,74133
Central,United States,South Dakota,Aberdeen,57401
Central,United States,South Dakota,Rapid City,57701
Central,United States,South Dakota,Sioux Falls,57103
Central,United States,Texas,Abilene,79605
Central,United States,Texas,Allen,75002
Central,United States,Texas,Amarillo,79109
Central,United States,Texas,Arlington,76017
Central,United States,Texas,Austin,78745
Central,United States,Texas,Baytown,77520
Central,United States,Texas,Beaumont,77705
Central,United States,Texas,Bedford,76021
Central,United States,Texas,Brownsville,78521
Central,United States,Texas,Bryan,77803
Central,United States,Texas,Carrollton,75007
Central,United States,Texas,Cedar Hill,75104
Central,United States,Texas,College Station,77840
Central,United States,Texas,Conroe,77301
Central,United States,Texas,Coppell,75019
Central,United States,Texas,Corpus Christi,78415
Central,United States,Texas,Dallas,75081
Central,United States,Texas,Dallas,75217
Central,United States,Texas,Dallas,75220
Central,United States,Texas,Deer Park,77536
Central,United States,Texas,Edinburg,78539
Central,United States,Texas,El Paso,79907
Central,United States,Texas,Fort Worth,76106
Central,United States,Texas,Frisco,75034
Central,United States,Texas,Garland,75043
Central,United States,Texas,Grand Prairie,75051
Central,United States,Texas,Grapevine,76051
Central,United States,Texas,Haltom City,76117
Central,United States,Texas,Harlingen,78550
Central,United States,Texas,Houston,77036
Central,United States,Texas,Houston,77041
Central,United States,Texas,Houston,77070
Central,United States,Texas,Houston,77095
Central,United States,Texas,Huntsville,77340
Central,United States,Texas,Irving,75061
Central,United States,Texas,Keller,76248
Central,United States,Texas,La Porte,77571
Central,United States,Texas,Laredo,78041
Central,United States,Texas,League City,77573
Central,United States,Texas,Lubbock,79424
Central,United States,Texas,Mansfield,76063
Central,United States,Texas,Mcallen,78501
Central,United States,Texas,Mesquite,75150
Central,United States,Texas,Missouri City,77489
Central,United States,Texas,Odessa,79762
Central,United States,Texas,Pasadena,77506
Central,United States,Texas,Pearland,77581
Central,United States,Texas,Pharr,78577
Central,United States,Texas,Plano,75023
Central,United States,Texas,Port Arthur,77642
Central,United States,Texas,Richardson,75080
Central,United States,Texas,Round Rock,78664
Central,United States,Texas,San Angelo,76903
Central,United States,Texas,San Antonio,78207
Central,United States,Texas,San Marcos,78666
Central,United States,Texas,Texas City,77590
Central,United States,Texas,The Colony,75056
Central,United States,Texas,Tyler,75701
Central,United States,Texas,Waco,76706
Central,United States,Wisconsin,Appleton,54915
Central,United States,Wisconsin,Eau Claire,54703
Central,United States,Wisconsin,Franklin,53132
Central,United States,Wisconsin,Green Bay,54302
Central,United States,Wisconsin,Kenosha,53142
Central,United States,Wisconsin,La Crosse,54601
Central,United States,Wisconsin,Madison,53711
Central,United States,Wisconsin,Milwaukee,53209
Central,United States,Wisconsin,Sheboygan,53081
Central,United States,Wisconsin,Superior,54880
Central,United States,Wisconsin,Waukesha,53186
Central,United States,Wisconsin,Wausau,54401
Central,United States,Wisconsin,West Allis,53214
East,United States,Connecticut,Bristol,6010
East,United States,Connecticut,Danbury,6810
East,United States,Connecticut,Fairfield,6824
East,United States,Connecticut,Manchester,6040
East,United States,Connecticut,Meriden,6450
East,United States,Connecticut,Middletown,6457
East,United States,Connecticut,Milford,6460
East,United States,Connecticut,Norwich,6360
East,United States,Connecticut,Shelton,6484
East,United States,Connecticut,Waterbury,6708
East,United States,Delaware,Dover,19901
East,United States,Delaware,Newark,19711
East,United States,Delaware,Wilmington,19805
East,United States,District of Columbia,Washington,20016
East,United States,Maine,Bangor,4401
East,United States,Maine,Lewiston,4240
East,United States,Maryland,Baltimore,21215
East,United States,Maryland,Clinton,20735
East,United States,Maryland,Columbia,21044
East,United States,Maryland,Gaithersburg,20877
East,United States,Maryland,Hagerstown,21740
East,United States,Maryland,Laurel,20707
East,United States,Maryland,Rockville,20852
East,United States,Massachusetts,Andover,1810
East,United States,Massachusetts,Beverly,1915
East,United States,Massachusetts,Cambridge,2138
East,United States,Massachusetts,Everett,2149
East,United States,Massachusetts,Franklin,2038
East,United States,Massachusetts,Holyoke,1040
East,United States,Massachusetts,Lawrence,1841
East,United States,Massachusetts,Leominster,1453
East,United States,Massachusetts,Lowell,1852
East,United States,Massachusetts,Malden,2148
East,United States,Massachusetts,Marlborough,1752
East,United States,Massachusetts,New Bedford,2740
East,United States,Massachusetts,Quincy,2169
East,United States,Massachusetts,Revere,2151
East,United States,New Hampshire,Concord,3301
East,United States,New Hampshire,Dover,3820
East,United States,New Hampshire,Nashua,3060
East,United States,New Jersey,Atlantic City,8401
East,United States,New Jersey,Bayonne,7002
East,United States,New Jersey,Belleville,7109
East,United States,New Jersey,Bridgeton,8302
East,United States,New Jersey,Clifton,7011
East,United States,New Jersey,East Orange,7017
East,United States,New Jersey,Hackensack,7601
East,United States,New Jersey,Lakewood,8701
East,United States,New Jersey,Linden,7036
East,United States,New Jersey,Morristown,7960
East,United States,New Jersey,New Brunswick,8901
East,United States,New Jersey,Orange,7050
East,United States,New Jersey,Passaic,7055
East,United States,New Jersey,Paterson,7501
East,United States,New Jersey,Perth Amboy,8861
East,United States,New Jersey,Plainfield,7060
East,United States,New Jersey,Vineland,8360
East,United States,New Jersey,Westfield,7090
East,United States,New York,Auburn,13021
East,United States,New York,Buffalo,14215
East,United States,New York,Freeport,11520
East,United States,New York,Hempstead,11550
East,United States,New York,Jamestown,14701
East,United States,New York,Lindenhurst,11757
East,United States,New York,Long Beach,11561
East,United States,New York,Mount Vernon,10550
East,United States,New York,New Rochelle,10801
East,United States,New York,New York City,10009
East,United States,New York,New York City,10011
East,United States,New York,New York City,10024
East,United States,New York,New York City,10035
East,United States,New York,Niagara Falls,14304
East,United States,New York,Oceanside,11572
East,United States,New York,Rochester,14609
East,United States,New York,Rome,13440
East,United States,New York,Troy,12180
East,United States,New York,Utica,13501
East,United States,New York,Watertown,13601
East,United States,New York,Yonkers,10701
East,United States,Ohio,Akron,44312
East,United States,Ohio,Bowling Green,43402
East,United States,Ohio,Cincinnati,45231
East,United States,Ohio,Cleveland,44105
East,United States,Ohio,Columbus,43229
East,United States,Ohio,Cuyahoga Falls,44221
East,United States,Ohio,Dublin,43017
East,United States,Ohio,Elyria,44035
East,United States,Ohio,Fairfield,45014
East,United States,Ohio,Grove City,43123
East,United States,Ohio,Hamilton,45011
East,United States,Ohio,Kent,44240
East,United States,Ohio,Lakewood,44107
East,United States,Ohio,Lancaster,43130
East,United States,Ohio,Lorain,44052
East,United States,Ohio,Marion,43302
East,United States,Ohio,Mason,45040
East,United States,Ohio,Medina,44256
East,United States,Ohio,Mentor,44060
East,United States,Ohio,Newark,43055
East,United States,Ohio,Parma,44134
East,United States,Ohio,Springfield,45503
East,United States,Ohio,Toledo,43615
East,United States,Ohio,Troy,45373
East,United States,Pennsylvania,Allentown,18103
East,United States,Pennsylvania,Altoona,16602
East,United States,Pennsylvania,Bethlehem,18018
East,United States,Pennsylvania,Chester,19013
East,United States,Pennsylvania,Lancaster,17602
East,United States,Pennsylvania,Philadelphia,19120
East,United States,Pennsylvania,Philadelphia,19134
East,United States,Pennsylvania,Philadelphia,19140
East,United States,Pennsylvania,Philadelphia,19143
East,United States,Pennsylvania,Reading,19601
East,United States,Pennsylvania,York,17403
East,United States,Rhode Island,Cranston,2920
East,United States,Rhode Island,Providence,2908
East,United States,Rhode Island,Warwick,2886
East,United States,Rhode Island,Woonsocket,2895
East,United States,Vermont,Burlington,5408
East,United States,West Virginia,Wheeling,26003
South,United States,Alabama,Auburn,36830
South,United States,Alabama,Decatur,35601
South,United States,Alabama,Florence,35630
South,United States,Alabama,Hoover,35244
South,United States,Alabama,Huntsville,35810
South,United States,Alabama,Mobile,36608
South,United States,Alabama,Montgomery,36116
South,United States,Alabama,Tuscaloosa,35401
South,United States,Arkansas,Conway,72032
South,United States,Arkansas,Fayetteville,72701
South,United States,Arkansas,Hot Springs,71901
South,United States,Arkansas,Jonesboro,72401
South,United States,Arkansas,Little Rock,72209
South,United States,Arkansas,Pine Bluff,71603
South,United States,Arkansas,Rogers,72756
South,United States,Arkansas,Springdale,72762
South,United States,Arkansas,Texarkana,71854
South,United States,Florida,Apopka,32712
South,United States,Florida,Boca Raton,33433
South,United States,Florida,Boynton Beach,33437
South,United States,Florida,Coral Gables,33134
South,United States,Florida,Coral Springs,33065
South,United States,Florida,Daytona Beach,32114
South,United States,Florida,Delray Beach,33445
South,United States,Florida,Deltona,32725
South,United States,Florida,Fort Lauderdale,33311
South,United States,Florida,Hialeah,33012
South,United States,Florida,Hollywood,33021
South,United States,Florida,Homestead,33030
South,United States,Florida,Jacksonville,32216
South,United States,Florida,Jupiter,33458
South,United States,Florida,Kissimmee,34741
South,United States,Florida,Lakeland,33801
South,United States,Florida,Margate,33063
South,United States,Florida,Melbourne,32935
South,United States,Florida,Miami,33142
South,United States,Florida,Miami,33178
South,United States,Florida,Miami,33180
South,United States,Florida,Miramar,33023
South,United States,Florida,North Miami,33161
South,United States,Florida,Orlando,32839
South,United States,Florida,Ormond Beach,32174
South,United States,Florida,Palm Coast,32137
South,United States,Florida,Pembroke Pines,33024
South,United States,Florida,Pensacola,32503
South,United States,Florida,Plantation,33317
South,United States,Florida,Pompano Beach,33068
South,United States,Florida,Port Orange,32127
South,United States,Florida,Port Saint Lucie,34952
South,United States,Florida,Saint Petersburg,33710
South,United States,Florida,Sanford,32771
South,United States,Florida,Tallahassee,32303
South,United States,Florida,Tamarac,33319
South,United States,Florida,Tampa,33614
South,United States,Florida,West Palm Beach,33407
South,United States,Georgia,Athens,30605
South,United States,Georgia,Atlanta,30318
South,United States,Georgia,Columbus,31907
South,United States,Georgia,East Point,30344
South,United States,Georgia,Macon,31204
South,United States,Georgia,Marietta,30062
South,United States,Georgia,Roswell,30076
South,United States,Georgia,Sandy Springs,30328
South,United States,Georgia,Smyrna,30080
South,United States,Georgia,Warner Robins,31088
South,United States,Georgia,Woodstock,30188
South,United States,Kentucky,Bowling Green,42104
South,United States,Kentucky,Florence,41042
South,United States,Kentucky,Georgetown,40324
South,United States,Kentucky,Henderson,42420
South,United States,Kentucky,Louisville,40214
South,United States,Kentucky,Murray,42071
South,United States,Kentucky,Owensboro,42301
South,United States,Kentucky,Richmond,40475
South,United States,Louisiana,Bossier City,71111
South,United States,Louisiana,Kenner,70065
South,United States,Louisiana,Lafayette,70506
South,United States,Louisiana,Lake Charles,70601
South,United States,Louisiana,Monroe,71203
South,United States,Mississippi,Gulfport,39503
South,United States,Mississippi,Hattiesburg,39401
South,United States,Mississippi,Jackson,39212
South,United States,Mississippi,Southaven,38671
South,United States,North Carolina,Asheville,28806
South,United States,North Carolina,Burlington,27217
South,United States,North Carolina,Cary,27511
South,United States,North Carolina,Chapel Hill,27514
South,United States,North Carolina,Charlotte,28205
South,United States,North Carolina,Concord,28027
South,United States,North Carolina,Durham,27707
South,United States,North Carolina,Fayetteville,28314
South,United States,North Carolina,Gastonia,28052
South,United States,North Carolina,Goldsboro,27534
South,United States,North Carolina,Greensboro,27405
South,United States,North Carolina,Greenville,27834
South,United States,North Carolina,Hickory,28601
South,United States,North Carolina,Jacksonville,28540
South,United States,North Carolina,Monroe,28110
South,United States,North Carolina,Raleigh,27604
South,United States,North Carolina,Thomasville,27360
South,United States,North Carolina,Wilmington,28403
South,United States,North Carolina,Wilson,27893
South,United States,South Carolina,Columbia,29203
South,United States,South Carolina,Florence,29501
South,United States,South Carolina,Mount Pleasant,29464
South,United States,South Carolina,North Charleston,29406
South,United States,South Carolina,Rock Hill,29730
South,United States,South Carolina,Summerville,29483
South,United States,Tennessee,Bartlett,38134
South,United States,Tennessee,Bristol,37620
South,United States,Tennessee,Chattanooga,37421
South,United States,Tennessee,Clarksville,37042
South,United States,Tennessee,Columbia,38401
South,United States,Tennessee,Franklin,37064
South,United States,Tennessee,Hendersonville,37075
South,United States,Tennessee,Jackson,38301
South,United States,Tennessee,Johnson City,37604
South,United States,Tennessee,Knoxville,37918
South,United States,Tennessee,Lebanon,37087
South,United States,Tennessee,Memphis,38109
South,United States,Tennessee,Murfreesboro,37130
South,United States,Tennessee,Nashville,37211
South,United States,Tennessee,Smyrna,37167
South,United States,Virginia,Alexandria,22304
South,United States,Virginia,Arlington,22204
South,United States,Virginia,Charlottesville,22901
South,United States,Virginia,Chesapeake,23320
South,United States,Virginia,Hampton,23666
South,United States,Virginia,Harrisonburg,22801
South,United States,Virginia,Newport News,23602
South,United States,Virginia,Richmond,23223
South,United States,Virginia,Salem,24153
South,United States,Virginia,Springfield,22153
South,United States,Virginia,Suffolk,23434
South,United States,Virginia,Virginia Beach,23464
South,United States,Virginia,Waynesboro,22980
West,United States,Arizona,Avondale,85323
West,United States,Arizona,Bullhead City,86442
West,United States,Arizona,Chandler,85224
West,United States,Arizona,Gilbert,85234
West,United States,Arizona,Glendale,85301
West,United States,Arizona,Mesa,85204
West,United States,Arizona,Peoria,85345
West,United States,Arizona,Phoenix,85023
West,United States,Arizona,Scottsdale,85254
West,United States,Arizona,Sierra Vista,85635
West,United States,Arizona,Tempe,85281
West,United States,Arizona,Tucson,85705
West,United States,Arizona,Yuma,85364
West,United States,California,Anaheim,92804
West,United States,California,Antioch,94509
West,United States,California,Apple Valley,92307
West,United States,California,Bakersfield,93309
West,United States,California,Brentwood,94513
West,United States,California,Burbank,91505
West,United States,California,Camarillo,93010
West,United States,California,Chico,95928
West,United States,California,Chula Vista,91911
West,United States,California,Citrus Heights,95610
West,United States,California,Coachella,92236
West,United States,California,Concord,94521
West,United States,California,Costa Mesa,92627
West,United States,California,Danville,94526
West,United States,California,Davis,95616
West,United States,California,Dublin,94568
West,United States,California,El Cajon,92020
West,United States,California,Escondido,92025
West,United States,California,Fairfield,94533
West,United States,California,Fresno,93727
West,United States,California,Hesperia,92345
West,United States,California,Huntington Beach,92646
West,United States,California,Inglewood,90301
West,United States,California,La Mesa,91941
West,United States,California,La Quinta,92253
West,United States,California,Laguna Niguel,92677
West,United States,California,Lake Elsinore,92530
West,United States,California,Lake Forest,92630
West,United States,California,Lakewood,90712
West,United States,California,Lancaster,93534
West,United States,California,Lodi,95240
West,United States,California,Long Beach,90805
West,United States,California,Los Angeles,90004
West,United States,California,Los Angeles,90008
West,United States,California,Los Angeles,90032
West,United States,California,Los Angeles,90036
West,United States,California,Los Angeles,90045
West,United States,California,Los Angeles,90049
West,United States,California,Manteca,95336
West,United States,California,Mission Viejo,92691
West,United States,California,Modesto,95351
West,United States,California,Montebello,90640
West,United States,California,Moreno Valley,92553
West,United States,California,Morgan Hill,95037
West,United States,California,Murrieta,92563
West,United States,California,Oakland,94601
West,United States,California,Oceanside,92054
West,United States,California,Ontario,91761
West,United States,California,Oxnard,93030
West,United States,California,Pasadena,91104
West,United States,California,Pico Rivera,90660
West,United States,California,Pomona,91767
West,United States,California,Rancho Cucamonga,91730
West,United States,California,Redding,96003
West,United States,California,Redlands,92374
West,United States,California,Redondo Beach,90278
West,United States,California,Redwood City,94061
West,United States,California,Riverside,92503
West,United States,California,Roseville,95661
West,United States,California,Sacramento,95823
West,United States,California,Salinas,93905
West,United States,California,San Bernardino,92404
West,United States,California,San Clemente,92672
West,United States,California,San Diego,92024
West,United States,California,San Diego,92037
West,United States,California,San Diego,92105
West,United States,California,San Francisco,94109
West,United States,California,San Francisco,94110
West,United States,California,San Francisco,94122
West,United States,California,San Gabriel,91776
West,United States,California,San Jose,95123
West,United States,California,San Luis Obispo,93405
West,United States,California,San Mateo,94403
West,United States,California,Santa Ana,92704
West,United States,California,Santa Barbara,93101
West,United States,California,Santa Clara,95051
West,United States,California,Santa Maria,93454
West,United States,California,Stockton,95207
West,United States,California,Sunnyvale,94086
West,United States,California,Temecula,92592
West,United States,California,Thousand Oaks,91360
West,United States,California,Torrance,90503
West,United States,California,Vacaville,95687
West,United States,California,Vallejo,94591
West,United States,California,Visalia,93277
West,United States,California,Westminster,92683
West,United States,California,Whittier,90604
West,United States,California,Woodland,95695
West,United States,California,Yucaipa,92399
West,United States,Colorado,Arvada,80004
West,United States,Colorado,Aurora,80013
West,United States,Colorado,Broomfield,80020
West,United States,Colorado,Colorado Springs,80906
West,United States,Colorado,Commerce City,80022
West,United States,Colorado,Denver,80219
West,United States,Colorado,Englewood,80112
West,United States,Colorado,Fort Collins,80525
West,United States,Colorado,Greeley,80634
West,United States,Colorado,Littleton,80122
West,United States,Colorado,Longmont,80501
West,United States,Colorado,Louisville,80027
West,United States,Colorado,Loveland,80538
West,United States,Colorado,Parker,80134
West,United States,Colorado,Pueblo,81001
West,United States,Colorado,Thornton,80229
West,United States,Idaho,Boise,83704
West,United States,Idaho,Caldwell,83605
West,United States,Idaho,Lewiston,83501
West,United States,Idaho,Meridian,83642
West,United States,Idaho,Pocatello,83201
West,United States,Idaho,Twin Falls,83301
West,United States,Montana,Billings,59102
West,United States,Montana,Bozeman,59715
West,United States,Montana,Great Falls,59405
West,United States,Montana,Helena,59601
West,United States,Montana,Missoula,59801
West,United States,Nevada,Henderson,89015
West,United States,Nevada,Las Vegas,89115
West,United States,Nevada,North Las Vegas,89031
West,United States,Nevada,Reno,89502
West,United States,Nevada,Sparks,89431
West,United States,New Mexico,Albuquerque,87105
West,United States,New Mexico,Carlsbad,88220
West,United States,New Mexico,Clovis,88101
West,United States,New Mexico,Farmington,87401
West,United States,New Mexico,Las Cruces,88001
West,United States,New Mexico,Rio Rancho,87124
West,United States,New Mexico,Santa Fe,87505
West,United States,Oregon,Eugene,97405
West,United States,Oregon,Gresham,97030
West,United States,Oregon,Hillsboro,97123
West,United States,Oregon,Medford,97504
West,United States,Oregon,Portland,97206
West,United States,Oregon,Redmond,97756
West,United States,Oregon,Salem,97301
West,United States,Oregon,Springfield,97477
West,United States,Oregon,Tigard,97224
West,United States,Utah,Draper,84020
West,United States,Utah,Layton,84041
West,United States,Utah,Lehi,84043
West,United States,Utah,Logan,84321
West,United States,Utah,Murray,84107
West,United States,Utah,Orem,84057
West,United States,Utah,Pleasant Grove,84062
West,United States,Utah,Provo,84604
West,United States,Utah,Salt Lake City,84106
West,United States,Utah,West Jordan,84084
West,United States,Washington,Auburn,98002
West,United States,Washington,Bellevue,98006
West,United States,Washington,Bellingham,98226
West,United States,Washington,Covington,98042
West,United States,Washington,Des Moines,98198
West,United States,Washington,Edmonds,98026
West,United States,Washington,Everett,98208
West,United States,Washington,Kent,98031
West,United States,Washington,Longview,98632
West,United States,Washington,Marysville,98270
West,United States,Washington,Olympia,98502
West,United States,Washington,Pasco,99301
West,United States,Washington,Redmond,98052
West,United States,Washington,Renton,98059
West,United States,Washington,Seattle,98103
West,United States,Washington,Seattle,98105
West,United States,Washington,Seattle,98115
West,United States,Washington,Spokane,99207
West,United States,Washington,Vancouver,98661
West,United States,Wyoming,Cheyenne,82001
